id,date,time,available_seats,theater_id,movie_id
1,2023-03-28,12:00:00,200,1,1
2,2023-03-28,15:00:00,200,1,1
3,2023-03-28,18:00:00,200,1,1
4,2023-03-28,21:00:00,200,1,1
5,2023-03-28,13:00:00,200,1,2
6,2023-03-28,16:00:00,200,1,2
7,2023-03-28,19:00:00,200,1,2
8,2023-03-28,22:00:00,200,1,2
9,2023-03-28,11:00:00,200,1,3
10,2023-03-28,14:00:00,200,1,3
11,2023-03-28,17:00:00,200,1,3
12,2023-03-28,20:00:00,200,1,3
13,2023-03-28,12:30:00,150,2,4
14,2023-03-28,15:30:00,150,2,4
15,2023-03-28,18:30:00,150,2,4
16,2023-03-28,21:30:00,150,2,4
17,2023-03-28,11:30:00,150,2,5
18,2023-03-28,14:30:00,150,2,5
19,2023-03-28,17:30:00,150,2,5
20,2023-03-28,20:30:00,150,2,5
21,2023-03-28,12:00:00,180,3,1
22,2023-03-28,15:00:00,180,3,1
23,2023-03-28,18:00:00,180,3,1
24,2023-03-28,21:00:00,180,3,1
25,2023-03-28,11:00:00,180,3,3
26,2023-03-28,14:00:00,180,3,3
27,2023-03-28,17:00:00,180,3,3
28,2023-03-28,20:00:00,180,3,3
29,2023-03-28,11:30:00,175,3,5
30,2023-03-28,14:30:00,180,3,5
31,2023-03-28,17:30:00,180,3,5
32,2023-03-28,20:30:00,180,3,5
33,2023-03-28,12:30:00,100,4,4
34,2023-03-28,15:30:00,100,4,4
35,2023-03-28,18:30:00,100,4,4
36,2023-03-28,21:30:00,100,4,4
37,2023-03-28,11:00:00,100,4,3
38,2023-03-28,14:00:00,100,4,3
39,2023-03-28,17:00:00,100,4,3
40,2023-03-28,20:00:00,100,4,3
41,2023-03-28,11:30:00,100,4,5
42,2023-03-28,14:30:00,100,4,5
43,2023-03-28,17:30:00,100,4,5
44,2023-03-28,20:30:00,100,4,5
45,2023-03-29,12:00:00,200,1,1
46,2023-03-29,15:00:00,200,1,1
47,2023-03-29,18:00:00,200,1,1
48,2023-03-29,21:00:00,200,1,1
49,2023-03-29,13:00:00,200,1,2
50,2023-03-29,16:00:00,200,1,2
51,2023-03-29,19:00:00,200,1,2
52,2023-03-29,22:00:00,200,1,2
53,2023-03-29,11:00:00,200,1,3
54,2023-03-29,14:00:00,200,1,3
55,2023-03-29,17:00:00,200,1,3
56,2023-03-29,20:00:00,200,1,3
57,2023-03-29,12:30:00,143,2,4
58,2023-03-29,15:30:00,150,2,4
59,2023-03-29,18:30:00,150,2,4
60,2023-03-29,21:30:00,150,2,4
61,2023-03-29,11:30:00,142,2,5
62,2023-03-29,14:30:00,150,2,5
63,2023-03-29,17:30:00,150,2,5
64,2023-03-29,20:30:00,150,2,5
65,2023-03-29,12:00:00,180,3,1
66,2023-03-29,15:00:00,180,3,1
67,2023-03-29,18:00:00,180,3,1
68,2023-03-29,21:00:00,180,3,1
69,2023-03-29,11:00:00,180,3,3
70,2023-03-29,14:00:00,180,3,3
71,2023-03-29,17:00:00,180,3,3
72,2023-03-29,20:00:00,180,3,3
73,2023-03-29,11:30:00,180,3,5
74,2023-03-29,14:30:00,180,3,5
75,2023-03-29,17:30:00,180,3,5
76,2023-03-29,20:30:00,180,3,5
77,2023-03-29,12:30:00,100,4,4
78,2023-03-29,15:30:00,100,4,4
79,2023-03-29,18:30:00,100,4,4
80,2023-03-29,21:30:00,100,4,4
81,2023-03-29,11:00:00,100,4,3
82,2023-03-29,14:00:00,100,4,3
83,2023-03-29,17:00:00,100,4,3
84,2023-03-29,20:00:00,100,4,3
85,2023-03-29,11:30:00,100,4,5
86,2023-03-29,14:30:00,100,4,5
87,2023-03-29,17:30:00,100,4,5
88,2023-03-29,20:30:00,100,4,5
89,2023-03-30,12:00:00,196,1,1
90,2023-03-30,15:00:00,200,1,1
91,2023-03-30,18:00:00,200,1,1
92,2023-03-30,21:00:00,200,1,1
93,2023-03-30,13:00:00,200,1,2
94,2023-03-30,16:00:00,200,1,2
95,2023-03-30,19:00:00,200,1,2
96,2023-03-30,22:00:00,200,1,2
97,2023-03-30,11:00:00,200,1,3
98,2023-03-30,14:00:00,200,1,3
99,2023-03-30,17:00:00,200,1,3
100,2023-03-30,20:00:00,200,1,3
101,2023-03-30,12:30:00,150,2,4
102,2023-03-30,15:30:00,150,2,4
103,2023-03-30,18:30:00,150,2,4
104,2023-03-30,21:30:00,150,2,4
105,2023-03-30,11:30:00,150,2,5
106,2023-03-30,14:30:00,150,2,5
107,2023-03-30,17:30:00,150,2,5
108,2023-03-30,20:30:00,150,2,5
109,2023-03-30,12:00:00,180,3,1
110,2023-03-30,15:00:00,180,3,1
111,2023-03-30,18:00:00,180,3,1
112,2023-03-30,21:00:00,180,3,1
113,2023-03-30,11:00:00,180,3,3
114,2023-03-30,14:00:00,180,3,3
115,2023-03-30,17:00:00,180,3,3
116,2023-03-30,20:00:00,180,3,3
117,2023-03-30,11:30:00,180,3,5
118,2023-03-30,14:30:00,180,3,5
119,2023-03-30,17:30:00,180,3,5
120,2023-03-30,20:30:00,180,3,5
121,2023-03-30,12:30:00,100,4,4
122,2023-03-30,15:30:00,100,4,4
123,2023-03-30,18:30:00,100,4,4
124,2023-03-30,21:30:00,100,4,4
125,2023-03-30,11:00:00,100,4,3
126,2023-03-30,14:00:00,100,4,3
127,2023-03-30,17:00:00,100,4,3
128,2023-03-30,20:00:00,100,4,3
129,2023-03-30,11:30:00,100,4,5
130,2023-03-30,14:30:00,100,4,5
131,2023-03-30,17:30:00,100,4,5
132,2023-03-30,20:30:00,100,4,5
133,2023-03-31,12:00:00,190,1,1
134,2023-03-31,15:00:00,200,1,1
135,2023-03-31,18:00:00,200,1,1
136,2023-03-31,21:00:00,200,1,1
137,2023-03-31,13:00:00,200,1,2
138,2023-03-31,16:00:00,200,1,2
139,2023-03-31,19:00:00,200,1,2
140,2023-03-31,22:00:00,200,1,2
141,2023-03-31,11:00:00,200,1,3
142,2023-03-31,14:00:00,200,1,3
143,2023-03-31,17:00:00,200,1,3
144,2023-03-31,20:00:00,200,1,3
145,2023-03-31,12:30:00,150,2,4
146,2023-03-31,15:30:00,150,2,4
147,2023-03-31,18:30:00,150,2,4
148,2023-03-31,21:30:00,150,2,4
149,2023-03-31,11:30:00,150,2,5
150,2023-03-31,14:30:00,150,2,5
151,2023-03-31,17:30:00,150,2,5
152,2023-03-31,20:30:00,150,2,5
153,2023-03-31,12:00:00,180,3,1
154,2023-03-31,15:00:00,180,3,1
155,2023-03-31,18:00:00,180,3,1
156,2023-03-31,21:00:00,180,3,1
157,2023-03-31,11:00:00,180,3,3
158,2023-03-31,14:00:00,180,3,3
159,2023-03-31,17:00:00,180,3,3
160,2023-03-31,20:00:00,180,3,3
161,2023-03-31,11:30:00,180,3,5
162,2023-03-31,14:30:00,180,3,5
163,2023-03-31,17:30:00,180,3,5
164,2023-03-31,20:30:00,180,3,5
165,2023-03-31,12:30:00,100,4,4
166,2023-03-31,15:30:00,100,4,4
167,2023-03-31,18:30:00,100,4,4
168,2023-03-31,21:30:00,100,4,4
169,2023-03-31,11:00:00,100,4,3
170,2023-03-31,14:00:00,100,4,3
171,2023-03-31,17:00:00,100,4,3
172,2023-03-31,20:00:00,100,4,3
173,2023-03-31,11:30:00,100,4,5
174,2023-03-31,14:30:00,100,4,5
175,2023-03-31,17:30:00,100,4,5
176,2023-03-31,20:30:00,100,4,5
177,2023-04-01,12:00:00,200,1,1
178,2023-04-01,15:00:00,200,1,1
179,2023-04-01,18:00:00,200,1,1
180,2023-04-01,21:00:00,200,1,1
181,2023-04-01,13:00:00,200,1,2
182,2023-04-01,16:00:00,200,1,2
183,2023-04-01,19:00:00,200,1,2
184,2023-04-01,22:00:00,200,1,2
185,2023-04-01,11:00:00,200,1,3
186,2023-04-01,14:00:00,200,1,3
187,2023-04-01,17:00:00,200,1,3
188,2023-04-01,20:00:00,200,1,3
189,2023-04-01,12:30:00,150,2,4
190,2023-04-01,15:30:00,150,2,4
191,2023-04-01,18:30:00,150,2,4
192,2023-04-01,21:30:00,150,2,4
193,2023-04-01,11:30:00,150,2,5
194,2023-04-01,14:30:00,150,2,5
195,2023-04-01,17:30:00,150,2,5
196,2023-04-01,20:30:00,150,2,5
197,2023-04-01,12:00:00,180,3,1
198,2023-04-01,15:00:00,180,3,1
199,2023-04-01,18:00:00,180,3,1
200,2023-04-01,21:00:00,180,3,1
201,2023-04-01,11:00:00,180,3,3
202,2023-04-01,14:00:00,180,3,3
203,2023-04-01,17:00:00,180,3,3
204,2023-04-01,20:00:00,180,3,3
205,2023-04-01,11:30:00,180,3,5
206,2023-04-01,14:30:00,180,3,5
207,2023-04-01,17:30:00,180,3,5
208,2023-04-01,20:30:00,180,3,5
209,2023-04-01,12:30:00,100,4,4
210,2023-04-01,15:30:00,100,4,4
211,2023-04-01,18:30:00,100,4,4
212,2023-04-01,21:30:00,100,4,4
213,2023-04-01,11:00:00,100,4,3
214,2023-04-01,14:00:00,100,4,3
215,2023-04-01,17:00:00,100,4,3
216,2023-04-01,20:00:00,100,4,3
217,2023-04-01,11:30:00,100,4,5
218,2023-04-01,14:30:00,100,4,5
219,2023-04-01,17:30:00,100,4,5
220,2023-04-01,20:30:00,195,4,5
221,2023-04-02,12:00:00,200,1,1
222,2023-04-02,15:00:00,200,1,1
223,2023-04-02,18:00:00,200,1,1
224,2023-04-02,21:00:00,200,1,1
225,2023-04-02,13:00:00,200,1,2
226,2023-04-02,16:00:00,200,1,2
227,2023-04-02,19:00:00,200,1,2
228,2023-04-02,22:00:00,200,1,2
229,2023-04-02,11:00:00,200,1,3
230,2023-04-02,14:00:00,200,1,3
231,2023-04-02,17:00:00,200,1,3
232,2023-04-02,20:00:00,200,1,3
233,2023-04-02,12:30:00,150,2,4
234,2023-04-02,15:30:00,150,2,4
235,2023-04-02,18:30:00,150,2,4
236,2023-04-02,21:30:00,150,2,4
237,2023-04-02,11:30:00,150,2,5
238,2023-04-02,14:30:00,150,2,5
239,2023-04-02,17:30:00,150,2,5
240,2023-04-02,20:30:00,150,2,5
241,2023-04-02,12:00:00,180,3,1
242,2023-04-02,15:00:00,180,3,1
243,2023-04-02,18:00:00,180,3,1
244,2023-04-02,21:00:00,180,3,1
245,2023-04-02,11:00:00,180,3,3
246,2023-04-02,14:00:00,180,3,3
247,2023-04-02,17:00:00,180,3,3
248,2023-04-02,20:00:00,180,3,3
249,2023-04-02,11:30:00,180,3,5
250,2023-04-02,14:30:00,180,3,5
251,2023-04-02,17:30:00,180,3,5
252,2023-04-02,20:30:00,180,3,5
253,2023-04-02,12:30:00,100,4,4
254,2023-04-02,15:30:00,100,4,4
255,2023-04-02,18:30:00,100,4,4
256,2023-04-02,21:30:00,100,4,4
257,2023-04-02,11:00:00,100,4,3
258,2023-04-02,14:00:00,100,4,3
259,2023-04-02,17:00:00,100,4,3
260,2023-04-02,20:00:00,100,4,3
261,2023-04-02,11:30:00,92,4,5
262,2023-04-02,14:30:00,100,4,5
263,2023-04-02,17:30:00,100,4,5
264,2023-04-02,20:30:00,100,4,5
265,2023-04-03,12:00:00,193,1,1
266,2023-04-03,15:00:00,200,1,1
267,2023-04-03,18:00:00,200,1,1
268,2023-04-03,21:00:00,200,1,1
269,2023-04-03,13:00:00,200,1,2
270,2023-04-03,16:00:00,200,1,2
271,2023-04-03,19:00:00,200,1,2
272,2023-04-03,22:00:00,200,1,2
273,2023-04-03,11:00:00,200,1,3
274,2023-04-03,14:00:00,200,1,3
275,2023-04-03,17:00:00,200,1,3
276,2023-04-03,20:00:00,200,1,3
277,2023-04-03,12:30:00,150,2,4
278,2023-04-03,15:30:00,150,2,4
279,2023-04-03,18:30:00,150,2,4
280,2023-04-03,21:30:00,150,2,4
281,2023-04-03,11:30:00,150,2,5
282,2023-04-03,14:30:00,150,2,5
283,2023-04-03,17:30:00,150,2,5
284,2023-04-03,20:30:00,150,2,5
285,2023-04-03,12:00:00,180,3,1
286,2023-04-03,15:00:00,177,3,1
287,2023-04-03,18:00:00,180,3,1
288,2023-04-03,21:00:00,180,3,1
289,2023-04-03,11:00:00,180,3,3
290,2023-04-03,14:00:00,180,3,3
291,2023-04-03,17:00:00,180,3,3
292,2023-04-03,20:00:00,180,3,3
293,2023-04-03,11:30:00,180,3,5
294,2023-04-03,14:30:00,180,3,5
295,2023-04-03,17:30:00,180,3,5
296,2023-04-03,20:30:00,180,3,5
297,2023-04-03,12:30:00,100,4,4
298,2023-04-03,15:30:00,100,4,4
299,2023-04-03,18:30:00,100,4,4
300,2023-04-03,21:30:00,100,4,4
301,2023-04-03,11:00:00,100,4,3
302,2023-04-03,14:00:00,100,4,3
303,2023-04-03,17:00:00,100,4,3
304,2023-04-03,20:00:00,100,4,3
305,2023-04-03,11:30:00,100,4,5
306,2023-04-03,14:30:00,100,4,5
307,2023-04-03,17:30:00,100,4,5
308,2023-04-03,20:30:00,100,4,5
308,2023-04-04,12:00:00,200,1,1
309,2023-04-04,15:00:00,200,1,1
310,2023-04-04,18:00:00,200,1,1
311,2023-04-04,21:00:00,200,1,1
312,2023-04-04,13:00:00,200,1,2
313,2023-04-04,16:00:00,200,1,2
314,2023-04-04,19:00:00,200,1,2
315,2023-04-04,22:00:00,200,1,2
316,2023-04-04,11:00:00,200,1,3
317,2023-04-04,14:00:00,200,1,3
318,2023-04-04,17:00:00,200,1,3
319,2023-04-04,20:00:00,200,1,3
320,2023-04-04,12:30:00,150,2,4
321,2023-04-04,15:30:00,150,2,4
322,2023-04-04,18:30:00,150,2,4
323,2023-04-04,21:30:00,150,2,4
324,2023-04-04,11:30:00,150,2,5
325,2023-04-04,14:30:00,150,2,5
326,2023-04-04,17:30:00,150,2,5
327,2023-04-04,20:30:00,150,2,5
328,2023-04-04,12:00:00,180,3,1
329,2023-04-04,15:00:00,180,3,1
330,2023-04-04,18:00:00,180,3,1
331,2023-04-04,21:00:00,180,3,1
332,2023-04-04,11:00:00,180,3,3
333,2023-04-04,14:00:00,180,3,3
334,2023-04-04,17:00:00,180,3,3
335,2023-04-04,20:00:00,180,3,3
336,2023-04-04,11:30:00,180,3,5
337,2023-04-04,14:30:00,180,3,5
338,2023-04-04,17:30:00,180,3,5
339,2023-04-04,20:30:00,180,3,5
340,2023-04-04,12:30:00,100,4,4
341,2023-04-04,15:30:00,100,4,4
342,2023-04-04,18:30:00,100,4,4
343,2023-04-04,21:30:00,100,4,4
344,2023-04-04,11:00:00,100,4,3
345,2023-04-04,14:00:00,100,4,3
346,2023-04-04,17:00:00,100,4,3
347,2023-04-04,20:00:00,100,4,3
348,2023-04-04,11:30:00,100,4,5
349,2023-04-04,14:30:00,100,4,5
350,2023-04-04,17:30:00,100,4,5
351,2023-04-04,20:30:00,100,4,5
352,2023-04-05,12:00:00,200,1,1
353,2023-04-05,15:00:00,200,1,1
354,2023-04-05,18:00:00,200,1,1
355,2023-04-05,21:00:00,200,1,1
356,2023-04-05,13:00:00,200,1,2
357,2023-04-05,16:00:00,200,1,2
358,2023-04-05,19:00:00,200,1,2
359,2023-04-05,22:00:00,200,1,2
360,2023-04-05,11:00:00,200,1,3
361,2023-04-05,14:00:00,200,1,3
362,2023-04-05,17:00:00,200,1,3
363,2023-04-05,20:00:00,200,1,3
364,2023-04-05,12:30:00,150,2,4
365,2023-04-05,15:30:00,150,2,4
366,2023-04-05,18:30:00,150,2,4
367,2023-04-05,21:30:00,150,2,4
368,2023-04-05,11:30:00,150,2,5
369,2023-04-05,14:30:00,150,2,5
370,2023-04-05,17:30:00,150,2,5
371,2023-04-05,20:30:00,150,2,5
372,2023-04-05,12:00:00,180,3,1
373,2023-04-05,15:00:00,180,3,1
374,2023-04-05,18:00:00,180,3,1
375,2023-04-05,21:00:00,180,3,1
376,2023-04-05,11:00:00,180,3,3
377,2023-04-05,14:00:00,180,3,3
378,2023-04-05,17:00:00,180,3,3
379,2023-04-05,20:00:00,180,3,3
380,2023-04-05,11:30:00,180,3,5
381,2023-04-05,14:30:00,180,3,5
382,2023-04-05,17:30:00,180,3,5
383,2023-04-05,20:30:00,180,3,5
384,2023-04-05,12:30:00,100,4,4
385,2023-04-05,15:30:00,100,4,4
386,2023-04-05,18:30:00,100,4,4
387,2023-04-05,21:30:00,100,4,4
388,2023-04-05,11:00:00,100,4,3
389,2023-04-05,14:00:00,100,4,3
390,2023-04-05,17:00:00,100,4,3
391,2023-04-05,20:00:00,100,4,3
392,2023-04-05,11:30:00,100,4,5
393,2023-04-05,14:30:00,100,4,5
394,2023-04-05,17:30:00,100,4,5
395,2023-04-05,20:30:00,100,4,5
396,2023-04-06,12:00:00,200,1,1
397,2023-04-06,15:00:00,200,1,1
398,2023-04-06,18:00:00,200,1,1
399,2023-04-06,21:00:00,200,1,1
400,2023-04-06,13:00:00,200,1,2
401,2023-04-06,16:00:00,200,1,2
402,2023-04-06,19:00:00,200,1,2
403,2023-04-06,22:00:00,200,1,2
404,2023-04-06,11:00:00,200,1,3
405,2023-04-06,14:00:00,200,1,3
406,2023-04-06,17:00:00,200,1,3
407,2023-04-06,20:00:00,200,1,3
408,2023-04-06,12:30:00,150,2,4
409,2023-04-06,15:30:00,150,2,4
410,2023-04-06,18:30:00,150,2,4
411,2023-04-06,21:30:00,150,2,4
412,2023-04-06,11:30:00,150,2,5
413,2023-04-06,14:30:00,150,2,5
414,2023-04-06,17:30:00,150,2,5
415,2023-04-06,20:30:00,150,2,5
416,2023-04-06,12:00:00,180,3,1
417,2023-04-06,15:00:00,180,3,1
418,2023-04-06,18:00:00,180,3,1
419,2023-04-06,21:00:00,180,3,1
420,2023-04-06,11:00:00,180,3,3
421,2023-04-06,14:00:00,180,3,3
422,2023-04-06,17:00:00,180,3,3
423,2023-04-06,20:00:00,180,3,3
424,2023-04-06,11:30:00,180,3,5
425,2023-04-06,14:30:00,180,3,5
426,2023-04-06,17:30:00,180,3,5
427,2023-04-06,20:30:00,180,3,5
428,2023-04-06,12:30:00,100,4,4
429,2023-04-06,15:30:00,100,4,4
430,2023-04-06,18:30:00,100,4,4
431,2023-04-06,21:30:00,100,4,4
432,2023-04-06,11:00:00,100,4,3
433,2023-04-06,14:00:00,100,4,3
434,2023-04-06,17:00:00,100,4,3
435,2023-04-06,20:00:00,100,4,3
436,2023-04-06,11:30:00,100,4,5
437,2023-04-06,14:30:00,100,4,5
438,2023-04-06,17:30:00,100,4,5
439,2023-04-06,20:30:00,100,4,5
440,2023-04-07,12:00:00,200,1,1
441,2023-04-07,15:00:00,200,1,1
442,2023-04-07,18:00:00,200,1,1
443,2023-04-07,21:00:00,200,1,1
444,2023-04-07,13:00:00,200,1,2
445,2023-04-07,16:00:00,200,1,2
446,2023-04-07,19:00:00,200,1,2
447,2023-04-07,22:00:00,200,1,2
448,2023-04-07,11:00:00,200,1,3
449,2023-04-07,14:00:00,200,1,3
450,2023-04-07,17:00:00,200,1,3
451,2023-04-07,20:00:00,200,1,3
452,2023-04-07,12:30:00,150,2,4
453,2023-04-07,15:30:00,150,2,4
454,2023-04-07,18:30:00,150,2,4
455,2023-04-07,21:30:00,150,2,4
456,2023-04-07,11:30:00,150,2,5
457,2023-04-07,14:30:00,150,2,5
458,2023-04-07,17:30:00,150,2,5
459,2023-04-07,20:30:00,150,2,5
460,2023-04-07,12:00:00,180,3,1
461,2023-04-07,15:00:00,180,3,1
462,2023-04-07,18:00:00,180,3,1
463,2023-04-07,21:00:00,180,3,1
464,2023-04-07,11:00:00,180,3,3
465,2023-04-07,14:00:00,180,3,3
466,2023-04-07,17:00:00,180,3,3
467,2023-04-07,20:00:00,180,3,3
468,2023-04-07,11:30:00,180,3,5
469,2023-04-07,14:30:00,180,3,5
470,2023-04-07,17:30:00,180,3,5
471,2023-04-07,20:30:00,180,3,5
472,2023-04-07,12:30:00,100,4,4
473,2023-04-07,15:30:00,100,4,4
474,2023-04-07,18:30:00,100,4,4
475,2023-04-07,21:30:00,100,4,4
476,2023-04-07,11:00:00,100,4,3
477,2023-04-07,14:00:00,100,4,3
478,2023-04-07,17:00:00,100,4,3
479,2023-04-07,20:00:00,100,4,3
480,2023-04-07,11:30:00,100,4,5
481,2023-04-07,14:30:00,100,4,5
482,2023-04-07,17:30:00,100,4,5
483,2023-04-07,20:30:00,100,4,5
484,2023-04-08,12:00:00,0,1,1
485,2023-04-08,15:00:00,200,1,1
486,2023-04-08,18:00:00,193,1,1
487,2023-04-08,21:00:00,0,1,1
488,2023-04-08,13:00:00,200,1,2
489,2023-04-08,16:00:00,200,1,2
490,2023-04-08,19:00:00,200,1,2
491,2023-04-08,22:00:00,200,1,2
492,2023-04-08,11:00:00,200,1,3
493,2023-04-08,14:00:00,200,1,3
494,2023-04-08,17:00:00,200,1,3
495,2023-04-08,20:00:00,200,1,3
496,2023-04-08,12:30:00,150,2,4
497,2023-04-08,15:30:00,150,2,4
498,2023-04-08,18:30:00,150,2,4
499,2023-04-08,21:30:00,150,2,4
500,2023-04-08,11:30:00,150,2,5
501,2023-04-08,14:30:00,150,2,5
502,2023-04-08,17:30:00,150,2,5
503,2023-04-08,20:30:00,150,2,5
504,2023-04-08,12:00:00,180,3,1
505,2023-04-08,15:00:00,180,3,1
506,2023-04-08,18:00:00,180,3,1
507,2023-04-08,21:00:00,180,3,1
508,2023-04-08,11:00:00,180,3,3
509,2023-04-08,14:00:00,180,3,3
510,2023-04-08,17:00:00,180,3,3
511,2023-04-08,20:00:00,180,3,3
512,2023-04-08,11:30:00,180,3,5
513,2023-04-08,14:30:00,180,3,5
514,2023-04-08,17:30:00,180,3,5
515,2023-04-08,20:30:00,180,3,5
516,2023-04-08,12:30:00,100,4,4
517,2023-04-08,15:30:00,100,4,4
518,2023-04-08,18:30:00,100,4,4
519,2023-04-08,21:30:00,100,4,4
520,2023-04-08,11:00:00,100,4,3
521,2023-04-08,14:00:00,100,4,3
522,2023-04-08,17:00:00,100,4,3
523,2023-04-08,20:00:00,100,4,3
524,2023-04-08,11:30:00,100,4,5
525,2023-04-08,14:30:00,100,4,5
526,2023-04-08,17:30:00,100,4,5
527,2023-04-08,20:30:00,100,4,5
528,2023-04-09,12:00:00,200,1,1
529,2023-04-09,15:00:00,200,1,1
530,2023-04-09,18:00:00,200,1,1
531,2023-04-09,21:00:00,200,1,1
532,2023-04-09,13:00:00,200,1,2
533,2023-04-09,16:00:00,200,1,2
534,2023-04-09,19:00:00,200,1,2
535,2023-04-09,22:00:00,200,1,2
536,2023-04-09,11:00:00,200,1,3
537,2023-04-09,14:00:00,200,1,3
538,2023-04-09,17:00:00,200,1,3
539,2023-04-09,20:00:00,200,1,3
540,2023-04-09,12:30:00,150,2,4
541,2023-04-09,15:30:00,150,2,4
542,2023-04-09,18:30:00,150,2,4
543,2023-04-09,21:30:00,150,2,4
544,2023-04-09,11:30:00,150,2,5
545,2023-04-09,14:30:00,150,2,5
546,2023-04-09,17:30:00,150,2,5
547,2023-04-09,20:30:00,150,2,5
548,2023-04-09,12:00:00,180,3,1
549,2023-04-09,15:00:00,180,3,1
550,2023-04-09,18:00:00,180,3,1
551,2023-04-09,21:00:00,180,3,1
552,2023-04-09,11:00:00,180,3,3
553,2023-04-09,14:00:00,180,3,3
554,2023-04-09,17:00:00,180,3,3
555,2023-04-09,20:00:00,180,3,3
556,2023-04-09,11:30:00,180,3,5
557,2023-04-09,14:30:00,180,3,5
558,2023-04-09,17:30:00,180,3,5
559,2023-04-09,20:30:00,180,3,5
560,2023-04-09,12:30:00,100,4,4
561,2023-04-09,15:30:00,100,4,4
562,2023-04-09,18:30:00,100,4,4
563,2023-04-09,21:30:00,100,4,4
564,2023-04-09,11:00:00,100,4,3
565,2023-04-09,14:00:00,100,4,3
566,2023-04-09,17:00:00,100,4,3
567,2023-04-09,20:00:00,100,4,3
568,2023-04-09,11:30:00,100,4,5
569,2023-04-09,14:30:00,100,4,5
570,2023-04-09,17:30:00,100,4,5
571,2023-04-09,20:30:00,100,4,5
572,2023-04-10,12:00:00,200,1,1
573,2023-04-10,15:00:00,200,1,1
574,2023-04-10,18:00:00,200,1,1
575,2023-04-10,21:00:00,200,1,1
576,2023-04-10,13:00:00,200,1,2
577,2023-04-10,16:00:00,200,1,2
578,2023-04-10,19:00:00,200,1,2
579,2023-04-10,22:00:00,200,1,2
580,2023-04-10,11:00:00,200,1,3
581,2023-04-10,14:00:00,200,1,3
582,2023-04-10,17:00:00,200,1,3
583,2023-04-10,20:00:00,200,1,3
584,2023-04-10,12:30:00,150,2,4
585,2023-04-10,15:30:00,150,2,4
586,2023-04-10,18:30:00,150,2,4
587,2023-04-10,21:30:00,150,2,4
588,2023-04-10,11:30:00,150,2,5
589,2023-04-10,14:30:00,150,2,5
590,2023-04-10,17:30:00,150,2,5
591,2023-04-10,20:30:00,150,2,5
592,2023-04-10,12:00:00,180,3,1
593,2023-04-10,15:00:00,180,3,1
594,2023-04-10,18:00:00,180,3,1
595,2023-04-10,21:00:00,180,3,1
596,2023-04-10,11:00:00,180,3,3
597,2023-04-10,14:00:00,180,3,3
598,2023-04-10,17:00:00,180,3,3
599,2023-04-10,20:00:00,180,3,3
600,2023-04-10,11:30:00,180,3,5
601,2023-04-10,14:30:00,180,3,5
602,2023-04-10,17:30:00,180,3,5
603,2023-04-10,20:30:00,180,3,5
604,2023-04-10,12:30:00,100,4,4
605,2023-04-10,15:30:00,100,4,4
606,2023-04-10,18:30:00,100,4,4
607,2023-04-10,21:30:00,100,4,4
608,2023-04-10,11:00:00,100,4,3
609,2023-04-10,14:00:00,100,4,3
610,2023-04-10,17:00:00,100,4,3
611,2023-04-10,20:00:00,100,4,3
612,2023-04-10,11:30:00,100,4,5
613,2023-04-10,14:30:00,100,4,5
614,2023-04-10,17:30:00,100,4,5
615,2023-04-10,20:30:00,100,4,5
616,2023-04-11,12:00:00,200,1,1
617,2023-04-11,15:00:00,200,1,1
618,2023-04-11,18:00:00,200,1,1
619,2023-04-11,21:00:00,200,1,1
620,2023-04-11,13:00:00,200,1,2
621,2023-04-11,16:00:00,200,1,2
622,2023-04-11,19:00:00,200,1,2
623,2023-04-11,22:00:00,200,1,2
624,2023-04-11,11:00:00,200,1,3
625,2023-04-11,14:00:00,200,1,3
626,2023-04-11,17:00:00,200,1,3
627,2023-04-11,20:00:00,200,1,3
628,2023-04-11,12:30:00,150,2,4
629,2023-04-11,15:30:00,150,2,4
630,2023-04-11,18:30:00,150,2,4
631,2023-04-11,21:30:00,150,2,4
632,2023-04-11,11:30:00,150,2,5
633,2023-04-11,14:30:00,150,2,5
634,2023-04-11,17:30:00,150,2,5
635,2023-04-11,20:30:00,150,2,5
636,2023-04-11,12:00:00,180,3,1
637,2023-04-11,15:00:00,180,3,1
638,2023-04-11,18:00:00,180,3,1
639,2023-04-11,21:00:00,180,3,1
640,2023-04-11,11:00:00,180,3,3
641,2023-04-11,14:00:00,180,3,3
642,2023-04-11,17:00:00,180,3,3
643,2023-04-11,20:00:00,180,3,3
644,2023-04-11,11:30:00,180,3,5
645,2023-04-11,14:30:00,180,3,5
646,2023-04-11,17:30:00,180,3,5
647,2023-04-11,20:30:00,180,3,5
648,2023-04-11,12:30:00,100,4,4
649,2023-04-11,15:30:00,100,4,4
650,2023-04-11,18:30:00,100,4,4
651,2023-04-11,21:30:00,100,4,4
652,2023-04-11,11:00:00,100,4,3
653,2023-04-11,14:00:00,100,4,3
654,2023-04-11,17:00:00,100,4,3
655,2023-04-11,20:00:00,100,4,3
656,2023-04-11,11:30:00,100,4,5
657,2023-04-11,14:30:00,100,4,5
658,2023-04-11,17:30:00,100,4,5
659,2023-04-11,20:30:00,100,4,5
660,2023-04-12,12:00:00,200,1,1
661,2023-04-12,15:00:00,200,1,1
662,2023-04-12,18:00:00,200,1,1
663,2023-04-12,21:00:00,200,1,1
664,2023-04-12,13:00:00,200,1,2
665,2023-04-12,16:00:00,200,1,2
666,2023-04-12,19:00:00,200,1,2
667,2023-04-12,22:00:00,200,1,2
668,2023-04-12,11:00:00,200,1,3
669,2023-04-12,14:00:00,200,1,3
670,2023-04-12,17:00:00,200,1,3
671,2023-04-12,20:00:00,200,1,3
672,2023-04-12,12:30:00,150,2,4
673,2023-04-12,15:30:00,150,2,4
674,2023-04-12,18:30:00,150,2,4
675,2023-04-12,21:30:00,150,2,4
676,2023-04-12,11:30:00,150,2,5
677,2023-04-12,14:30:00,150,2,5
678,2023-04-12,17:30:00,150,2,5
679,2023-04-12,20:30:00,150,2,5
680,2023-04-12,12:00:00,180,3,1
681,2023-04-12,15:00:00,180,3,1
682,2023-04-12,18:00:00,180,3,1
683,2023-04-12,21:00:00,180,3,1
684,2023-04-12,11:00:00,180,3,3
685,2023-04-12,14:00:00,180,3,3
686,2023-04-12,17:00:00,180,3,3
687,2023-04-12,20:00:00,180,3,3
688,2023-04-12,11:30:00,180,3,5
689,2023-04-12,14:30:00,180,3,5
690,2023-04-12,17:30:00,180,3,5
691,2023-04-12,20:30:00,180,3,5
692,2023-04-12,12:30:00,100,4,4
693,2023-04-12,15:30:00,100,4,4
694,2023-04-12,18:30:00,100,4,4
695,2023-04-12,21:30:00,100,4,4
696,2023-04-12,11:00:00,100,4,3
697,2023-04-12,14:00:00,100,4,3
698,2023-04-12,17:00:00,100,4,3
699,2023-04-12,20:00:00,100,4,3
700,2023-04-12,11:30:00,100,4,5
701,2023-04-12,14:30:00,100,4,5
702,2023-04-12,17:30:00,100,4,5
703,2023-04-12,20:30:00,100,4,5
704,2023-04-13,12:00:00,200,1,1
705,2023-04-13,15:00:00,200,1,1
706,2023-04-13,18:00:00,200,1,1
707,2023-04-13,21:00:00,200,1,1
708,2023-04-13,13:00:00,200,1,2
709,2023-04-13,16:00:00,200,1,2
710,2023-04-13,19:00:00,200,1,2
711,2023-04-13,22:00:00,200,1,2
712,2023-04-13,11:00:00,200,1,3
713,2023-04-13,14:00:00,200,1,3
714,2023-04-13,17:00:00,200,1,3
715,2023-04-13,20:00:00,200,1,3
716,2023-04-13,12:30:00,150,2,4
717,2023-04-13,15:30:00,150,2,4
718,2023-04-13,18:30:00,150,2,4
719,2023-04-13,21:30:00,150,2,4
720,2023-04-13,11:30:00,150,2,5
721,2023-04-13,14:30:00,150,2,5
722,2023-04-13,17:30:00,150,2,5
723,2023-04-13,20:30:00,150,2,5
724,2023-04-13,12:00:00,180,3,1
725,2023-04-13,15:00:00,180,3,1
726,2023-04-13,18:00:00,180,3,1
727,2023-04-13,21:00:00,180,3,1
728,2023-04-13,11:00:00,180,3,3
729,2023-04-13,14:00:00,180,3,3
730,2023-04-13,17:00:00,180,3,3
731,2023-04-13,20:00:00,180,3,3
732,2023-04-13,11:30:00,180,3,5
733,2023-04-13,14:30:00,180,3,5
734,2023-04-13,17:30:00,180,3,5
735,2023-04-13,20:30:00,180,3,5
736,2023-04-13,12:30:00,100,4,4
737,2023-04-13,15:30:00,100,4,4
738,2023-04-13,18:30:00,100,4,4
739,2023-04-13,21:30:00,100,4,4
740,2023-04-13,11:00:00,100,4,3
741,2023-04-13,14:00:00,100,4,3
742,2023-04-13,17:00:00,100,4,3
743,2023-04-13,20:00:00,100,4,3
744,2023-04-13,11:30:00,100,4,5
745,2023-04-13,14:30:00,100,4,5
746,2023-04-13,17:30:00,100,4,5
747,2023-04-13,20:30:00,100,4,5
748,2023-05-13,12:00:00,200,1,1
749,2023-05-13,15:00:00,200,1,1
750,2023-05-13,18:00:00,200,1,1
751,2023-05-13,21:00:00,200,1,1
752,2023-05-13,13:00:00,200,1,2
753,2023-05-13,16:00:00,200,1,2
754,2023-05-13,19:00:00,200,1,2
755,2023-05-13,22:00:00,200,1,2
756,2023-05-13,11:00:00,200,1,3
757,2023-05-13,14:00:00,200,1,3
758,2023-05-13,17:00:00,200,1,3
759,2023-05-13,20:00:00,200,1,3
760,2023-05-13,12:30:00,150,2,4
761,2023-05-13,15:30:00,150,2,4
762,2023-05-13,18:30:00,150,2,4
763,2023-05-13,21:30:00,150,2,4
764,2023-05-13,11:30:00,150,2,5
765,2023-05-13,14:30:00,150,2,5
766,2023-05-13,17:30:00,150,2,5
767,2023-05-13,20:30:00,150,2,5
768,2023-05-13,12:00:00,180,3,1
769,2023-05-13,15:00:00,180,3,1
770,2023-05-13,18:00:00,180,3,1
771,2023-05-13,21:00:00,180,3,1
772,2023-05-13,11:00:00,180,3,3
773,2023-05-13,14:00:00,180,3,3
774,2023-05-13,17:00:00,180,3,3
775,2023-05-13,20:00:00,180,3,3
776,2023-05-13,11:30:00,180,3,5
777,2023-05-13,14:30:00,180,3,5
778,2023-05-13,17:30:00,180,3,5
779,2023-05-13,20:30:00,180,3,5
780,2023-05-13,12:30:00,100,4,4
781,2023-05-13,15:30:00,100,4,4
782,2023-05-13,18:30:00,100,4,4
783,2023-05-13,21:30:00,100,4,4
784,2023-05-13,11:00:00,100,4,3
785,2023-05-13,14:00:00,100,4,3
786,2023-05-13,17:00:00,100,4,3
787,2023-05-13,20:00:00,100,4,3
788,2023-05-13,11:30:00,100,4,5
789,2023-05-13,14:30:00,100,4,5
790,2023-05-13,17:30:00,100,4,5
791,2023-05-13,20:30:00,100,4,5
792,2023-05-14,12:00:00,0,1,1
793,2023-05-14,15:00:00,200,1,1
794,2023-05-14,18:00:00,200,1,1
795,2023-05-14,21:00:00,200,1,1
796,2023-05-14,13:00:00,200,1,2
797,2023-05-14,16:00:00,194,1,2
798,2023-05-14,19:00:00,200,1,2
799,2023-05-14,22:00:00,200,1,2
800,2023-05-14,11:00:00,200,1,3
801,2023-05-14,14:00:00,200,1,3
802,2023-05-14,17:00:00,200,1,3
803,2023-05-14,20:00:00,200,1,3
804,2023-05-14,12:30:00,150,2,4
805,2023-05-14,15:30:00,150,2,4
806,2023-05-14,18:30:00,150,2,4
807,2023-05-14,21:30:00,150,2,4
808,2023-05-14,11:30:00,150,2,5
809,2023-05-14,14:30:00,150,2,5
810,2023-05-14,17:30:00,150,2,5
811,2023-05-14,20:30:00,150,2,5
812,2023-05-14,12:00:00,180,3,1
813,2023-05-14,15:00:00,180,3,1
814,2023-05-14,18:00:00,180,3,1
815,2023-05-14,21:00:00,180,3,1
816,2023-05-14,11:00:00,180,3,3
817,2023-05-14,14:00:00,180,3,3
818,2023-05-14,17:00:00,180,3,3
819,2023-05-14,20:00:00,180,3,3
820,2023-05-14,11:30:00,180,3,5
821,2023-05-14,14:30:00,180,3,5
822,2023-05-14,17:30:00,180,3,5
823,2023-05-14,20:30:00,180,3,5
824,2023-05-14,12:30:00,100,4,4
825,2023-05-14,15:30:00,100,4,4
826,2023-05-14,18:30:00,100,4,4
827,2023-05-14,21:30:00,100,4,4
828,2023-05-14,11:00:00,100,4,3
829,2023-05-14,14:00:00,100,4,3
830,2023-05-14,17:00:00,100,4,3
831,2023-05-14,20:00:00,100,4,3
832,2023-05-14,11:30:00,100,4,5
833,2023-05-14,14:30:00,100,4,5
834,2023-05-14,17:30:00,100,4,5
835,2023-05-14,20:30:00,100,4,5
836,2023-05-15,12:00:00,200,1,1
837,2023-05-15,15:00:00,200,1,1
838,2023-05-15,18:00:00,200,1,1
839,2023-05-15,21:00:00,200,1,1
840,2023-05-15,13:00:00,200,1,2
841,2023-05-15,16:00:00,200,1,2
842,2023-05-15,19:00:00,200,1,2
843,2023-05-15,22:00:00,200,1,2
844,2023-05-15,11:00:00,200,1,3
845,2023-05-15,14:00:00,200,1,3
846,2023-05-15,17:00:00,200,1,3
847,2023-05-15,20:00:00,200,1,3
848,2023-05-15,12:30:00,150,2,4
849,2023-05-15,15:30:00,150,2,4
850,2023-05-15,18:30:00,150,2,4
851,2023-05-15,21:30:00,150,2,4
852,2023-05-15,11:30:00,150,2,5
853,2023-05-15,14:30:00,150,2,5
854,2023-05-15,17:30:00,150,2,5
855,2023-05-15,20:30:00,150,2,5
856,2023-05-15,12:00:00,180,3,1
857,2023-05-15,15:00:00,180,3,1
858,2023-05-15,18:00:00,180,3,1
859,2023-05-15,21:00:00,180,3,1
860,2023-05-15,11:00:00,180,3,3
861,2023-05-15,14:00:00,180,3,3
862,2023-05-15,17:00:00,180,3,3
863,2023-05-15,20:00:00,180,3,3
864,2023-05-15,11:30:00,180,3,5
865,2023-05-15,14:30:00,180,3,5
866,2023-05-15,17:30:00,180,3,5
867,2023-05-15,20:30:00,180,3,5
868,2023-05-15,12:30:00,100,4,4
869,2023-05-15,15:30:00,100,4,4
870,2023-05-15,18:30:00,100,4,4
871,2023-05-15,21:30:00,100,4,4
872,2023-05-15,11:00:00,100,4,3
873,2023-05-15,14:00:00,100,4,3
874,2023-05-15,17:00:00,100,4,3
875,2023-05-15,20:00:00,100,4,3
876,2023-05-15,11:30:00,100,4,5
877,2023-05-15,14:30:00,100,4,5
878,2023-05-15,17:30:00,100,4,5
879,2023-05-15,20:30:00,100,4,5
880,2023-05-16,12:00:00,200,1,1
881,2023-05-16,15:00:00,200,1,1
882,2023-05-16,18:00:00,200,1,1
883,2023-05-16,21:00:00,200,1,1
884,2023-05-16,13:00:00,200,1,2
885,2023-05-16,16:00:00,200,1,2
886,2023-05-16,19:00:00,200,1,2
887,2023-05-16,22:00:00,200,1,2
888,2023-05-16,11:00:00,200,1,3
889,2023-05-16,14:00:00,200,1,3
890,2023-05-16,17:00:00,200,1,3
891,2023-05-16,20:00:00,200,1,3
892,2023-05-16,12:30:00,150,2,4
893,2023-05-16,15:30:00,150,2,4
894,2023-05-16,18:30:00,150,2,4
895,2023-05-16,21:30:00,150,2,4
896,2023-05-16,11:30:00,150,2,5
897,2023-05-16,14:30:00,150,2,5
898,2023-05-16,17:30:00,150,2,5
899,2023-05-16,20:30:00,150,2,5
900,2023-05-16,12:00:00,180,3,1
901,2023-05-16,15:00:00,180,3,1
902,2023-05-16,18:00:00,180,3,1
903,2023-05-16,21:00:00,180,3,1
904,2023-05-16,11:00:00,180,3,3
905,2023-05-16,14:00:00,180,3,3
906,2023-05-16,17:00:00,180,3,3
907,2023-05-16,20:00:00,180,3,3
908,2023-05-16,11:30:00,180,3,5
909,2023-05-16,14:30:00,180,3,5
910,2023-05-16,17:30:00,180,3,5
911,2023-05-16,20:30:00,180,3,5
912,2023-05-16,12:30:00,100,4,4
913,2023-05-16,15:30:00,100,4,4
914,2023-05-16,18:30:00,100,4,4
915,2023-05-16,21:30:00,100,4,4
916,2023-05-16,11:00:00,100,4,3
917,2023-05-16,14:00:00,100,4,3
918,2023-05-16,17:00:00,100,4,3
919,2023-05-16,20:00:00,100,4,3
920,2023-05-16,11:30:00,100,4,5
921,2023-05-16,14:30:00,100,4,5
922,2023-05-16,17:30:00,100,4,5
923,2023-05-16,20:30:00,100,4,5
924,2023-05-17,12:00:00,200,1,1
925,2023-05-17,15:00:00,200,1,1
926,2023-05-17,18:00:00,200,1,1
927,2023-05-17,21:00:00,200,1,1
928,2023-05-17,13:00:00,200,1,2
929,2023-05-17,16:00:00,200,1,2
930,2023-05-17,19:00:00,200,1,2
931,2023-05-17,22:00:00,200,1,2
932,2023-05-17,11:00:00,200,1,3
933,2023-05-17,14:00:00,200,1,3
934,2023-05-17,17:00:00,200,1,3
935,2023-05-17,20:00:00,200,1,3
936,2023-05-17,12:30:00,150,2,4
937,2023-05-17,15:30:00,150,2,4
938,2023-05-17,18:30:00,150,2,4
939,2023-05-17,21:30:00,150,2,4
940,2023-05-17,11:30:00,150,2,5
941,2023-05-17,14:30:00,150,2,5
942,2023-05-17,17:30:00,150,2,5
943,2023-05-17,20:30:00,150,2,5
944,2023-05-17,12:00:00,180,3,1
945,2023-05-17,15:00:00,180,3,1
946,2023-05-17,18:00:00,180,3,1
947,2023-05-17,21:00:00,180,3,1
948,2023-05-17,11:00:00,180,3,3
949,2023-05-17,14:00:00,180,3,3
950,2023-05-17,17:00:00,180,3,3
951,2023-05-17,20:00:00,180,3,3
952,2023-05-17,11:30:00,180,3,5
953,2023-05-17,14:30:00,180,3,5
954,2023-05-17,17:30:00,180,3,5
955,2023-05-17,20:30:00,180,3,5
956,2023-05-17,12:30:00,100,4,4
957,2023-05-17,15:30:00,100,4,4
958,2023-05-17,18:30:00,100,4,4
959,2023-05-17,21:30:00,100,4,4
960,2023-05-17,11:00:00,100,4,3
961,2023-05-17,14:00:00,100,4,3
962,2023-05-17,17:00:00,100,4,3
963,2023-05-17,20:00:00,100,4,3
964,2023-05-17,11:30:00,100,4,5
965,2023-05-17,14:30:00,100,4,5
966,2023-05-17,17:30:00,100,4,5
967,2023-05-17,20:30:00,100,4,5
968,2023-05-18,12:00:00,200,1,1
969,2023-05-18,15:00:00,200,1,1
970,2023-05-18,18:00:00,200,1,1
971,2023-05-18,21:00:00,200,1,1
972,2023-05-18,13:00:00,200,1,2
973,2023-05-18,16:00:00,200,1,2
974,2023-05-18,19:00:00,200,1,2
975,2023-05-18,22:00:00,200,1,2
976,2023-05-18,11:00:00,200,1,3
977,2023-05-18,14:00:00,200,1,3
978,2023-05-18,17:00:00,200,1,3
979,2023-05-18,20:00:00,200,1,3
980,2023-05-18,12:30:00,150,2,4
981,2023-05-18,15:30:00,150,2,4
982,2023-05-18,18:30:00,150,2,4
983,2023-05-18,21:30:00,150,2,4
984,2023-05-18,11:30:00,150,2,5
985,2023-05-18,14:30:00,150,2,5
986,2023-05-18,17:30:00,150,2,5
987,2023-05-18,20:30:00,150,2,5
988,2023-05-18,12:00:00,180,3,1
989,2023-05-18,15:00:00,180,3,1
990,2023-05-18,18:00:00,180,3,1
991,2023-05-18,21:00:00,180,3,1
992,2023-05-18,11:00:00,180,3,3
993,2023-05-18,14:00:00,180,3,3
994,2023-05-18,17:00:00,180,3,3
995,2023-05-18,20:00:00,180,3,3
996,2023-05-18,11:30:00,180,3,5
997,2023-05-18,14:30:00,180,3,5
998,2023-05-18,17:30:00,180,3,5
999,2023-05-18,20:30:00,180,3,5
1000,2023-05-18,12:30:00,100,4,4
1001,2023-05-18,15:30:00,100,4,4
1002,2023-05-18,18:30:00,100,4,4
1003,2023-05-18,21:30:00,100,4,4
1004,2023-05-18,11:00:00,100,4,3
1005,2023-05-18,14:00:00,100,4,3
1006,2023-05-18,17:00:00,100,4,3
1007,2023-05-18,20:00:00,100,4,3
1008,2023-05-18,11:30:00,100,4,5
1009,2023-05-18,14:30:00,100,4,5
1010,2023-05-18,17:30:00,100,4,5
1011,2023-05-18,20:30:00,100,4,5
1012,2023-05-19,12:00:00,200,1,1
1013,2023-05-19,15:00:00,200,1,1
1014,2023-05-19,18:00:00,200,1,1
1015,2023-05-19,21:00:00,200,1,1
1016,2023-05-19,13:00:00,200,1,2
1017,2023-05-19,16:00:00,200,1,2
1018,2023-05-19,19:00:00,200,1,2
1019,2023-05-19,22:00:00,200,1,2
1020,2023-05-19,11:00:00,200,1,3
1021,2023-05-19,14:00:00,200,1,3
1022,2023-05-19,17:00:00,200,1,3
1023,2023-05-19,20:00:00,200,1,3
1024,2023-05-19,12:30:00,150,2,4
1025,2023-05-19,15:30:00,150,2,4
1026,2023-05-19,18:30:00,150,2,4
1027,2023-05-19,21:30:00,150,2,4
1028,2023-05-19,11:30:00,150,2,5
1029,2023-05-19,14:30:00,150,2,5
1030,2023-05-19,17:30:00,150,2,5
1031,2023-05-19,20:30:00,150,2,5
1032,2023-05-19,12:00:00,180,3,1
1033,2023-05-19,15:00:00,180,3,1
1034,2023-05-19,18:00:00,180,3,1
1035,2023-05-19,21:00:00,180,3,1
1036,2023-05-19,11:00:00,180,3,3
1037,2023-05-19,14:00:00,180,3,3
1038,2023-05-19,17:00:00,180,3,3
1039,2023-05-19,20:00:00,180,3,3
1040,2023-05-19,11:30:00,180,3,5
1041,2023-05-19,14:30:00,180,3,5
1042,2023-05-19,17:30:00,180,3,5
1043,2023-05-19,20:30:00,180,3,5
1044,2023-05-19,12:30:00,100,4,4
1045,2023-05-19,15:30:00,100,4,4
1046,2023-05-19,18:30:00,100,4,4
1047,2023-05-19,21:30:00,100,4,4
1048,2023-05-19,11:00:00,100,4,3
1049,2023-05-19,14:00:00,100,4,3
1050,2023-05-19,17:00:00,100,4,3
1051,2023-05-19,20:00:00,100,4,3
1052,2023-05-19,11:30:00,100,4,5
1053,2023-05-19,14:30:00,100,4,5
1054,2023-05-19,17:30:00,100,4,5
1055,2023-05-19,20:30:00,100,4,5
1056,2023-05-20,12:00:00,200,1,1
1057,2023-05-20,15:00:00,200,1,1
1058,2023-05-20,18:00:00,200,1,1
1059,2023-05-20,21:00:00,200,1,1
1060,2023-05-20,13:00:00,200,1,2
1061,2023-05-20,16:00:00,200,1,2
1062,2023-05-20,19:00:00,200,1,2
1063,2023-05-20,22:00:00,200,1,2
1064,2023-05-20,11:00:00,200,1,3
1065,2023-05-20,14:00:00,200,1,3
1066,2023-05-20,17:00:00,200,1,3
1067,2023-05-20,20:00:00,200,1,3
1068,2023-05-20,12:30:00,150,2,4
1069,2023-05-20,15:30:00,150,2,4
1070,2023-05-20,18:30:00,150,2,4
1071,2023-05-20,21:30:00,150,2,4
1072,2023-05-20,11:30:00,150,2,5
1073,2023-05-20,14:30:00,150,2,5
1074,2023-05-20,17:30:00,150,2,5
1075,2023-05-20,20:30:00,150,2,5
1076,2023-05-20,12:00:00,180,3,1
1077,2023-05-20,15:00:00,180,3,1
1078,2023-05-20,18:00:00,180,3,1
1079,2023-05-20,21:00:00,180,3,1
1080,2023-05-20,11:00:00,180,3,3
1081,2023-05-20,14:00:00,180,3,3
1082,2023-05-20,17:00:00,180,3,3
1083,2023-05-20,20:00:00,180,3,3
1084,2023-05-20,11:30:00,180,3,5
1085,2023-05-20,14:30:00,180,3,5
1086,2023-05-20,17:30:00,180,3,5
1087,2023-05-20,20:30:00,180,3,5
1088,2023-05-20,12:30:00,100,4,4
1089,2023-05-20,15:30:00,100,4,4
1090,2023-05-20,18:30:00,100,4,4
1091,2023-05-20,21:30:00,100,4,4
1092,2023-05-20,11:00:00,100,4,3
1093,2023-05-20,14:00:00,100,4,3
1094,2023-05-20,17:00:00,100,4,3
1095,2023-05-20,20:00:00,100,4,3
1096,2023-05-20,11:30:00,100,4,5
1097,2023-05-20,14:30:00,100,4,5
1098,2023-05-20,17:30:00,100,4,5
1099,2023-05-20,20:30:00,100,4,5
